{"minlat":-31.9737710,"maxlat":-31.8897840,"minlon":115.8001358,"maxlon":115.8890990}
