{"minlat":-31.9645120,"maxlat":-31.9408196,"minlon":115.7910299,"maxlon":115.8417370}
