{"minlat":-32.0334250,"maxlat":-31.9642050,"minlon":115.8447450,"maxlon":115.8996080}
