{"minlat":-31.9967610,"maxlat":-31.9364354,"minlon":115.7881840,"maxlon":115.8890990}
