{"minlat":-32.0049090,"maxlat":-31.9273594,"minlon":115.7527110,"maxlon":115.8267110}
