{"minlat":-31.9520900,"maxlat":-31.8604974,"minlon":115.8506710,"maxlon":115.9628640}
