{"minlat":-32.0821330,"maxlat":-32.0211740,"minlon":115.7242060,"maxlon":115.8032740}
