{"minlat":-32.0878950,"maxlat":-32.0013190,"minlon":115.7760420,"maxlon":115.8921080}
