{"minlat":-32.1154990,"maxlat":-31.9811750,"minlon":115.8490530,"maxlon":115.9786340}
