{"minlat":-31.9976000,"maxlat":-31.8950810,"minlon":115.8968900,"maxlon":116.0065940}
