{"minlat":-31.9596660,"maxlat":-31.8420180,"minlon":115.7507360,"maxlon":115.9335870}
