{"minlat":-32.0043010,"maxlat":-31.9933854,"minlon":115.7594890,"maxlon":115.7747600}
