{"minlat":-32.0250720,"maxlat":-32.0034080,"minlon":115.7506220,"maxlon":115.7814250}
