{"minlat":-32.0473430,"maxlat":-32.0241070,"minlon":115.7580280,"maxlon":115.7762560}
