{"minlat":-31.9338040,"maxlat":-31.8872230,"minlon":115.8934510,"maxlon":115.9644060}
