{"minlat":-32.0161160,"maxlat":-31.9513580,"minlon":115.7494430,"maxlon":115.7953570}
