{"minlat":-32.0135090,"maxlat":-31.9399600,"minlon":115.8716350,"maxlon":115.9786340}
