{"minlat":-31.9703000,"maxlat":-31.8834770,"minlon":115.7534610,"maxlon":115.8439535}
