{"minlat":-38.4993700,"minlon":144.4440500,"maxlat":-37.4017500,"maxlon":146.1925000}
