{"minlat":-35.3779007,"maxlat":-34.5507318,"minlon":138.3878435,"maxlon":138.8479091}
