{"minlat":-27.6602190,"minlon":152.6796930,"maxlat":-27.0220140,"maxlon":153.4682750}
