{"minlat":-12.5587550,"maxlat":-12.3016380,"minlon":130.6185820,"maxlon":130.9681570}
