{"minlat":-43.1036150,"maxlat":-42.5283640,"minlon":147.0345200,"maxlon":147.6455880}
