{"minlat":-38.4999340,"maxlat":-37.2070690,"minlon":144.2438990,"maxlon":146.5010492}
