{"minlat":-34.1732416,"minlon":150.2608250,"maxlat":-33.3641864,"maxlon":151.3438980}
