{"minlat":-27.6602190,"maxlat":-27.0215438,"minlon":152.6445010,"maxlon":153.4682348}
