{
  "minlat": -32.1154990,
  "maxlat": -31.8420180,
  "minlon": 115.7242060,
  "maxlon": 116.0065940
}
