{"minlat":-55.3228175,"minlon":72.2461932,"maxlat":-9.0880125,"maxlon":168.2261259}
