{"minlat":-45.3228175,"minlon":108.2461932,"maxlat":-9.0880125,"maxlon":158.2261259}
